"_id","nom","prenom","birthdate","ects","diplome","type_contrat","duree_contrat","etude","campus","activite","entreprise","universite"
"ObjectId(""61db553ec81e1457f090d6f7"")","Wilie","Budgett","22/11/2000",14,"FAUX","Stage",22,"en cours","CLERMONT","BDS","SOGETI","ISIMA"
"ObjectId(""61db553ec81e1457f090d6f8"")","Orelie","Andover","09/02/2002",2,"FAUX","Contrat Pro",24,"stop","LYON","BDS","CGI","ISIMA"
"ObjectId(""61db553ec81e1457f090d6f9"")","Rurik","Prodrick","05/05/1996",175,"FAUX","Contrat Pro",5,"en cours","CAEN","BDE","HUAWEI","EPYTECH"
"ObjectId(""61db553ec81e1457f090d6fa"")","Hermann","Littlefield","19/02/1993",160,"FAUX","Stage",13,"stop","LILLE","BDS","MRC","POLYTECH"
"ObjectId(""61db553ec81e1457f090d6fb"")","Laraine","Trigwell","07/01/1996",195,"FAUX","Contrat Pro",21,"en cours","CAEN","SPR","ORACLE","101"
"ObjectId(""61db553ec81e1457f090d6fc"")","Katheryn","Moreinu","15/05/1993",172,"FAUX","Contrat Pro",21,"en cours","CLERMONT","SPR","ABYSTER","ISIMA"
"ObjectId(""61db553ec81e1457f090d6fd"")","Spike","Fearon","09/11/2000",279,"FAUX","Contrat d'apprentissage",1,"termine","LILLE","BDS","SAFRAM","42"
"ObjectId(""61db553ec81e1457f090d6fe"")","Brantley","Okie","03/09/1998",173,"FAUX","Contrat Pro",5,"en cours","PARIS","BDS","ENELCAM","42"
"ObjectId(""61db553ec81e1457f090d6ff"")","Elwood","Pettman","26/04/1997",24,"FAUX","Stage",6,"stop","LILLE","BDE","SOFTTEAMS","POLYTECH"
"ObjectId(""61db553ec81e1457f090d700"")","Zia","Cockton","17/08/1999",15,"FAUX","Contrat Pro",3,"stop","CLERMONT","BDS","MRC","ISIMA"
"ObjectId(""61db553ec81e1457f090d701"")","Milo","Marien","15/12/1997",201,"FAUX","Contrat d'apprentissage",9,"stop","CLERMONT","BDE","AFRIK-SOLUTION","101"
"ObjectId(""61db553ec81e1457f090d702"")","Mariette","Catton","11/05/1997",104,"FAUX","Contrat d'apprentissage",17,"stop","LILLE","BDS","CAMTEL","42"
"ObjectId(""61db553ec81e1457f090d703"")","Bridgette","Whitehead","09/01/1998",262,"FAUX","Contrat d'apprentissage",22,"termine","LILLE","SPR","ASI","INSA"
"ObjectId(""61db553ec81e1457f090d704"")","Stephen","$","22/01/1994",31,"FAUX","Stage",23,"stop","CAEN","BDE","MTN","UNIVERSITY 365"
"ObjectId(""61db553ec81e1457f090d705"")","Hernando","Lortz","23/12/1997",84,"FAUX","Contrat d'apprentissage",7,"en cours","PARIS","SPR","ALTRAM","42"
"ObjectId(""61db553ec81e1457f090d706"")","Cordey","Muggleton","07/09/1993",130,"FAUX","Contrat Pro",10,"stop","CAEN","SPR","ALL4TEST","101"
"ObjectId(""61db553ec81e1457f090d707"")","Patrizius","Garz","05/01/1998",260,"FAUX","Contrat Pro",5,"stop","MONTPELIER","BDE","ACCENTURE","ECOLE DE LA VIE"
"ObjectId(""61db553ec81e1457f090d708"")","Ashly","Rittmeyer","24/12/1999",232,"FAUX","Contrat Pro",10,"termine","LYON","BDS","AMAZON","101"
"ObjectId(""61db553ec81e1457f090d709"")","Jessee","Willan","24/06/2000",90,"FAUX","Contrat d'apprentissage",12,"termine","CAEN","SPR","AFRIK-SOLUTION","ECOLE DE LA VIE"
"ObjectId(""61db553ec81e1457f090d70a"")","Yanaton","Barnaby","24/05/2000",58,"FAUX","Stage",14,"en cours","CAEN","BDS","ENELCAM","INSA"
"ObjectId(""61db553ec81e1457f090d70b"")","Hannis","Jolley","11/09/2000",247,"FAUX","Contrat d'apprentissage",14,"en cours","LILLE","BDS","FREE","42"
"ObjectId(""61db553ec81e1457f090d70c"")","Sonja","McClinton","18/02/1995",293,"FAUX","Contrat Pro",20,"en cours","LILLE","BDS","IUC","UNIVERSITY 365"
"ObjectId(""61db553ec81e1457f090d70d"")","Arlyn","Knewstub","21/02/1994",226,"FAUX","Contrat Pro",8,"termine","CLERMONT","BDE","SAFRAM","UNIVERSITY 365"
"ObjectId(""61db553ec81e1457f090d70e"")","Zitella","Severy","13/11/2000",259,"FAUX","Contrat d'apprentissage",22,"stop","CAEN","BDS","SOFTTEAMS","MINES"
"ObjectId(""61db553ec81e1457f090d70f"")","Urbain","Jakeway","06/09/1998",1,"FAUX","Stage",23,"stop","LYON","BDE","CISCO","101"
"ObjectId(""61db553ec81e1457f090d710"")","Nap","Satford","28/11/2000",320,"VRAI","Stage",4,"termine","CAEN","SPR","AFRIK-SOLUTION","POLYTECH"
"ObjectId(""61db553ec81e1457f090d711"")","Rodd","Lavell","24/09/1993",236,"FAUX","Stage",21,"termine","CAEN","BDE","ABYSTER","UNIVERSITY 365"
"ObjectId(""61db553ec81e1457f090d712"")","Xenos","Ewence","12/03/1994",233,"FAUX","Contrat Pro",23,"en cours","PARIS","SPR","ALTRAM","ISIMA"
"ObjectId(""61db553ec81e1457f090d713"")","Cherice","Englishby","24/11/2000",118,"FAUX","Stage",20,"en cours","PARIS","SPR","ADVENCE CAMEROUN","SUPINFO"
"ObjectId(""61db553ec81e1457f090d714"")","Che","Serfati","26/07/1993",139,"FAUX","Contrat d'apprentissage",4,"en cours","CAEN","BDS","ASTEK","POLYTECH"
"ObjectId(""61db553ec81e1457f090d715"")","Hobie","Nekrews","18/08/1999",4,"FAUX","Stage",22,"en cours","LILLE","SPR","AKKA","ISIMA"
"ObjectId(""61db553ec81e1457f090d716"")","Aurelea","Lambert","29/12/1995",134,"FAUX","Contrat Pro",20,"en cours","MONTPELIER","BDS","CAMTEL","ECOLE DE LA VIE"
"ObjectId(""61db553ec81e1457f090d717"")","*","Skevington","20/01/1996",187,"FAUX","Contrat Pro",15,"stop","MONTPELIER","SPR","IBM","INSA"
"ObjectId(""61db553ec81e1457f090d718"")","Shirley","Duckett","05/09/2002",293,"FAUX","Contrat Pro",15,"termine","CLERMONT","SPR","MRC","UNIVERSITY 365"
"ObjectId(""61db553ec81e1457f090d719"")","Bartolomeo","Mozzi","21/08/1997",260,"FAUX","Stage",3,"en cours","MONTPELIER","BDE","ABYSTER","EPITECH"
"ObjectId(""61db553ec81e1457f090d71a"")","Mari","Airy","30/04/1996",32,"FAUX","Contrat Pro",13,"termine","CLERMONT","BDE","FREE","ESI"
"ObjectId(""61db553ec81e1457f090d71b"")","Lila","Daly","15/05/1996",215,"FAUX","Contrat d'apprentissage",16,"termine","LYON","SPR","AFROLOGIX","MINES"
"ObjectId(""61db553ec81e1457f090d71c"")","Bertine","Manston","07/12/1999",57,"FAUX","Contrat d'apprentissage",21,"stop","CLERMONT","SPR","OPEN","INSA"
"ObjectId(""61db553ec81e1457f090d71d"")","Chaddie","Keenan","11/06/1996",42,"FAUX","Contrat d'apprentissage",11,"termine","CLERMONT","BDS","MRC","ESI"
"ObjectId(""61db553ec81e1457f090d71e"")","Cherilynn","Polye","10/09/1996",51,"FAUX","Contrat d'apprentissage",17,"stop","LILLE","SPR","ATOS","101"
"ObjectId(""61db553ec81e1457f090d71f"")","Cello","Kells","21/12/1998",146,"FAUX","Contrat d'apprentissage",4,"en cours","CAEN","SPR","ADVENCE CAMEROUN","ISIMA"
"ObjectId(""61db553ec81e1457f090d720"")","Anjanette","Side","04/09/1993",252,"FAUX","Contrat Pro",13,"en cours","CLERMONT","BDS","THALES","ECOLE DE LA VIE"
"ObjectId(""61db553ec81e1457f090d721"")","Harold","Rapinett","22/04/1998",124,"FAUX","Stage",3,"termine","CAEN","BDE","FREE","MINES"
"ObjectId(""61db553ec81e1457f090d722"")","Clem","De la Feld","05/12/2001",78,"FAUX","Contrat Pro",3,"termine","LILLE","BDS","CGI","ESI"
"ObjectId(""61db553ec81e1457f090d723"")","Glynda","Kiefer","29/06/2000",241,"FAUX","Contrat Pro",24,"termine","CAEN","BDE","CONNEXTIC","UNIVERSITY 365"
"ObjectId(""61db553ec81e1457f090d724"")","Ginelle","Rushworth","01/05/1998",148,"FAUX","Stage",3,"en cours","CLERMONT","BDE","ADVENCE CAMEROUN","ECOLE DE LA VIE"
"ObjectId(""61db553ec81e1457f090d725"")","Caroline","Tremoulet","20/06/1999",257,"FAUX","Contrat d'apprentissage",23,"termine","PARIS","SPR","SOFTTEAMS","ECOLE DE LA VIE"
"ObjectId(""61db553ec81e1457f090d726"")","Broddie","Oxteby","13/12/1996",252,"FAUX","Stage",23,"stop","LILLE","BDS","ADVENCE CAMEROUN","ESI"
"ObjectId(""61db553ec81e1457f090d727"")","Malvina","Botfield","29/08/1993",88,"FAUX","Contrat d'apprentissage",8,"en cours","MONTPELIER","BDE","HUAWEI","42"
"ObjectId(""61db553ec81e1457f090d728"")","Zolly","Kelsell","13/04/1998",169,"FAUX","Contrat Pro",3,"stop","CAEN","SPR","SAFRAM","42"
"ObjectId(""61db553ec81e1457f090d729"")","Boyd","Lush","02/03/1994",293,"FAUX","Contrat d'apprentissage",11,"termine","MONTPELIER","BDE","CISCO","SUPINFO"
"ObjectId(""61db553ec81e1457f090d72a"")","Barbra","Kittman","28/06/1999",61,"FAUX","Stage",21,"en cours","LYON","BDE","SOGETI","SUPINFO"
"ObjectId(""61db553ec81e1457f090d72b"")","Evita","Casemore","19/07/2002",128,"FAUX","Contrat Pro",3,"termine","CAEN","BDE","OPEN","101"
"ObjectId(""61db553ec81e1457f090d72c"")","Evey","Goring","17/02/2001",39,"FAUX","Stage",7,"termine","CAEN","SPR","THALES","EPITECH"
"ObjectId(""61db553ec81e1457f090d72d"")","Benton","Legges","24/06/1997",159,"FAUX","Stage",7,"stop","LILLE","SPR","MRC","ESI"
"ObjectId(""61db553ec81e1457f090d72e"")","Leonanie","Pawellek","19/07/1997",60,"FAUX","Contrat d'apprentissage",10,"termine","LYON","BDE","AKKA","UNIVERSITY 365"
"ObjectId(""61db553ec81e1457f090d72f"")","Rene","Watkin","06/06/1993",6,"FAUX","Contrat Pro",14,"termine","LYON","SPR","IBM","UNIVERSITY 365"
"ObjectId(""61db553ec81e1457f090d730"")","Novelia","Dionisii","17/05/1993",172,"FAUX","Contrat Pro",15,"stop","LYON","BDS","GFI","ISIMA"
"ObjectId(""61db553ec81e1457f090d731"")","Iver","Camblin","09/08/2001",204,"FAUX","Contrat Pro",2,"termine","CAEN","BDS","ORACLE","SUPINFO"
"ObjectId(""61db553ec81e1457f090d732"")","Brittany","Brumbye","07/09/1995",279,"FAUX","Contrat d'apprentissage",7,"en cours","LILLE","BDE","ADVENCE CAMEROUN","ISIMA"
"ObjectId(""61db553ec81e1457f090d733"")","Roberta","Comberbach","28/05/1998",86,"FAUX","Contrat d'apprentissage",4,"termine","PARIS","BDS","AFRIK-SOLUTION","ESI"
"ObjectId(""61db553ec81e1457f090d734"")","Kendall","Grice","11/02/1993",50,"FAUX","Contrat d'apprentissage",17,"en cours","LILLE","BDS","AFROLOGIX","EPYTECH"
"ObjectId(""61db553ec81e1457f090d735"")","Jessee","Alman","19/05/1998",98,"FAUX","Contrat Pro",4,"en cours","CAEN","BDS","MRC","SUPINFO"
"ObjectId(""61db553ec81e1457f090d736"")","Kessiah","Callear","29/05/1993",292,"FAUX","Stage",18,"termine","CAEN","BDE","MICHELIN","EPITECH"
"ObjectId(""61db553ec81e1457f090d737"")","Burl","Padrick","29/10/2001",52,"FAUX","Stage",18,"termine","MONTPELIER","SPR","DIGIT CONCEPT","ECOLE DE LA VIE"
"ObjectId(""61db553ec81e1457f090d738"")","Eldredge","Archer","29/06/2000",133,"FAUX","Contrat d'apprentissage",3,"en cours","LYON","BDE","ORACLE","MINES"
"ObjectId(""61db553ec81e1457f090d739"")","Aldric","Khristoforov","16/05/1995",243,"FAUX","Contrat d'apprentissage",24,"termine","LILLE","SPR","SAFRAM","101"
"ObjectId(""61db553ec81e1457f090d73a"")","Lynna","Fanning","10/11/2002",147,"FAUX","Stage",23,"stop","CLERMONT","BDE","AMAZON","ESI"
"ObjectId(""61db553ec81e1457f090d73b"")","Livvy","Baron","17/01/1998",190,"FAUX","Contrat Pro",2,"en cours","MONTPELIER","SPR","AMAZON","EPITECH"
"ObjectId(""61db553ec81e1457f090d73c"")","Karoline","Forrester","10/07/1999",12,"FAUX","Stage",5,"stop","CLERMONT","BDS","CISCO","ISIMA"
"ObjectId(""61db553ec81e1457f090d73d"")","Cart","Korous","15/04/2002",20,"FAUX","Contrat d'apprentissage",16,"stop","CLERMONT","BDE","ENELCAM","MINES"
"ObjectId(""61db553ec81e1457f090d73e"")","Hallsy","Burd",,80,"FAUX","Contrat d'apprentissage",1,"termine","CLERMONT","BDE","CAMTEL","MINES"
"ObjectId(""61db553ec81e1457f090d73f"")","Christye","Piggins","11/03/2000",81,"FAUX","Contrat d'apprentissage",5,"termine","CLERMONT","BDE","ORACLE","ECOLE DE LA VIE"
"ObjectId(""61db553ec81e1457f090d740"")","Levy","Faivre","06/03/2002",220,"FAUX","Stage",21,"termine","CLERMONT","SPR","CISCO","MINES"
"ObjectId(""61db553ec81e1457f090d741"")","Sydney","Glencross","23/02/2001",11,"FAUX","Contrat d'apprentissage",23,"termine","MONTPELIER","SPR","IUC","SUPINFO"
"ObjectId(""61db553ec81e1457f090d742"")","Arlina","Cleminson","10/07/2002",170,"FAUX","Contrat d'apprentissage",20,"stop","CLERMONT","SPR","CDISCOUNT","42"
"ObjectId(""61db553ec81e1457f090d743"")","Corny","Cottham","24/01/1999",218,"FAUX","Contrat d'apprentissage",16,"stop","LYON","SPR","SOFTTEAMS","POLYTECH"
"ObjectId(""61db553ec81e1457f090d744"")","Felipe","Hainning","23/08/2000",299,"FAUX","Contrat d'apprentissage",17,"stop","PARIS","SPR","CDISCOUNT","101"
"ObjectId(""61db553ec81e1457f090d745"")","Kathlin","Durgan","21/01/1995",246,"FAUX","Contrat Pro",13,"en cours","PARIS","BDE","ABYSTER","SUPINFO"
"ObjectId(""61db553ec81e1457f090d746"")","Lev","Creasy","28/03/2002",128,"FAUX","Contrat d'apprentissage",19,"en cours","CLERMONT","BDE","RUEDUCOMMERCE","ECOLE DE LA VIE"
"ObjectId(""61db553ec81e1457f090d747"")","Charlot","Harower","29/06/2002",20,"FAUX","Contrat d'apprentissage",3,"en cours","CAEN","BDS","AKKA","SUPINFO"
"ObjectId(""61db553ec81e1457f090d748"")","Tiffi","Reddy","24/12/1999",45,"FAUX","Contrat d'apprentissage",6,"en cours","LYON","SPR","CONNEXTIC","EPITECH"
"ObjectId(""61db553ec81e1457f090d749"")","Archaimbaud","Rembrandt","31/05/2000",120,"FAUX","Contrat Pro",21,"en cours","CAEN","SPR","ASI","MINES"
"ObjectId(""61db553ec81e1457f090d74a"")","Gerty","Dillaway","05/03/1999",18,"FAUX","Stage",21,"en cours","MONTPELIER","SPR","ALTRAM","101"
"ObjectId(""61db553ec81e1457f090d74b"")","Gilbertina","Pretti","11/11/1996",235,"FAUX","Stage",5,"stop","LYON","BDE","ASI","ISIMA"
"ObjectId(""61db553ec81e1457f090d74c"")","Germaine","Tompkinson","12/10/2002",41,"FAUX","Contrat d'apprentissage",7,"termine","PARIS","BDS","IBM","UNIVERSITY 365"
"ObjectId(""61db553ec81e1457f090d74d"")","Wendel","Atte-Stone","10/05/1997",81,"FAUX","Contrat d'apprentissage",10,"stop","PARIS","BDS","THALES","42"
"ObjectId(""61db553ec81e1457f090d74e"")","Denna","Easterling","01/12/1996",225,"FAUX","Stage",13,"en cours","PARIS","BDS","CGI","42"
"ObjectId(""61db553ec81e1457f090d74f"")","Bryan","Stieger","11/02/2002",129,"FAUX","Stage",7,"en cours","PARIS","BDE","CISCO","POLYTECH"
"ObjectId(""61db553ec81e1457f090d750"")","Sibley","Reoch","24/08/1997",45,"FAUX","Contrat d'apprentissage",16,"termine","LYON","SPR","ASI","INSA"
"ObjectId(""61db553ec81e1457f090d751"")","Aridatha","Carrier","09/11/1994",184,"FAUX","Stage",7,"en cours","MONTPELIER","BDS","CISCO","ECOLE DE LA VIE"
"ObjectId(""61db553ec81e1457f090d752"")","Alexandr","Girodon","12/06/2001",176,"FAUX","Contrat d'apprentissage",4,"en cours","MONTPELIER","BDS","AFROLOGIX","ISIMA"
"ObjectId(""61db553ec81e1457f090d753"")","Reynolds","Danielsen","27/05/2000",75,"FAUX","Contrat Pro",19,"stop","LILLE","BDS","SOFTTEAMS","UNIVERSITY 365"
"ObjectId(""61db553ec81e1457f090d754"")","Marmaduke","McNelis","30/05/1993",177,"FAUX","Contrat Pro",5,"termine","PARIS","SPR","CONNEXTIC","POLYTECH"
"ObjectId(""61db553ec81e1457f090d755"")","Eddy","Verring","13/02/1993",120,"FAUX","Stage",15,"termine","PARIS","BDE","MICHELIN","SUPINFO"
"ObjectId(""61db553ec81e1457f090d756"")","Celinda","Wardesworth","06/07/1997",191,"FAUX","Contrat d'apprentissage",14,"stop","LYON","BDS","HUAWEI","INSA"
"ObjectId(""61db553ec81e1457f090d757"")","Kelcey","Doby","25/10/1998",217,"FAUX","Stage",20,"en cours","LILLE","BDE","ATOS","EPITECH"
"ObjectId(""61db553ec81e1457f090d758"")","Kylen","Andriessen","24/11/1996",82,"FAUX","Contrat Pro",20,"en cours","LILLE","SPR","CAPGEMINI","ESI"
"ObjectId(""61db553ec81e1457f090d759"")","Dun","Whatson","06/06/2001",158,"FAUX","Stage",7,"stop","LYON","BDS","ORACLE","INSA"
"ObjectId(""61db553ec81e1457f090d75a"")","Magda","Gronow","23/04/1993",33,"FAUX","Stage",19,"stop","CAEN","BDS","ENELCAM","ESI"
"ObjectId(""61db553ec81e1457f090d75b"")","Tallulah","Dowgill","11/09/1994",201,"FAUX","Stage",3,"en cours","LYON","BDE","ACCENTURE","POLYTECH"
"ObjectId(""61db553ec81e1457f090d75c"")","Kerk","Dealtry","24/06/1993",179,"FAUX","Stage",4,"en cours","CLERMONT","SPR","ALTRAM","ECOLE DE LA VIE"
"ObjectId(""61db553ec81e1457f090d75d"")","Matteo","Sleith","05/02/1994",288,"FAUX","Stage",19,"stop","CAEN","BDS","SHINKA","POLYTECH"
"ObjectId(""61db553ec81e1457f090d75e"")","Panchito","Girardez","29/06/1995",46,"FAUX","Stage",6,"stop","CLERMONT","SPR","ENELCAM","ISIMA"
"ObjectId(""61db553ec81e1457f090d75f"")","Arden","Larking","04/12/2002",168,"FAUX","Contrat Pro",11,"stop","LYON","BDS","FREE","INSA"
"ObjectId(""61db553ec81e1457f090d760"")","Kalie","Canada","02/08/1999",64,"FAUX","Stage",14,"en cours","LILLE","SPR","IBM","EPITECH"
"ObjectId(""61db553ec81e1457f090d761"")","Zedekiah","Moseley","17/08/1999",83,"FAUX","Stage",8,"en cours","LILLE","BDS","THALES","MINES"
"ObjectId(""61db553ec81e1457f090d762"")","Mayor","Peer","25/03/1996",13,"FAUX","Stage",14,"stop","CLERMONT","BDE","ENELCAM","ESI"
"ObjectId(""61db553ec81e1457f090d763"")","Andra","Groundwator","23/07/1994",17,"FAUX","Stage",7,"en cours","PARIS","BDS","GFI","INSA"
"ObjectId(""61db553ec81e1457f090d764"")","Helaine","Daunay","19/06/1993",136,"FAUX","Contrat d'apprentissage",7,"stop","LYON","BDS","AXXA","ISIMA"
"ObjectId(""61db553ec81e1457f090d765"")","Kelley","Folkerd","11/03/1995",19,"FAUX","Contrat Pro",24,"stop","PARIS","BDS","CDISCOUNT","101"
"ObjectId(""61db553ec81e1457f090d766"")","Alexandrina","Brackpool","03/12/1997",132,"FAUX","Stage",5,"termine","LILLE","SPR","HUAWEI","ECOLE DE LA VIE"
"ObjectId(""61db553ec81e1457f090d767"")","Kent","McKellar","26/06/2001",58,"FAUX","Contrat Pro",7,"termine","CAEN","SPR","SAFRAM","42"
"ObjectId(""61db553ec81e1457f090d768"")","Shir","Boxhall","21/06/2002",179,"FAUX","Contrat d'apprentissage",5,"en cours","MONTPELIER","SPR","ORACLE","ECOLE DE LA VIE"
"ObjectId(""61db553ec81e1457f090d769"")","Dannie","Shirtcliffe","08/11/2000",140,"FAUX","Contrat Pro",20,"stop","PARIS","BDE","ORACLE","INSA"
"ObjectId(""61db553ec81e1457f090d76a"")","Blondell","Le Jean","06/08/2002",8,"FAUX","Contrat d'apprentissage",20,"en cours","CLERMONT","BDS","FREE","MINES"
"ObjectId(""61db553ec81e1457f090d76b"")","Rochette","Vidineev","01/12/2001",223,"FAUX","Contrat Pro",7,"termine","LILLE","BDE","ASTEK","POLYTECH"
"ObjectId(""61db553ec81e1457f090d76c"")","Ruthanne","Brundrett","29/08/1993",90,"FAUX","Contrat Pro",19,"termine","LILLE","SPR","AKKA","ESI"
"ObjectId(""61db553ec81e1457f090d76d"")","Sioux","Joris","11/07/1995",150,"FAUX","Stage",13,"termine","LILLE","SPR","IUC","UNIVERSITY 365"
"ObjectId(""61db553ec81e1457f090d76e"")","Stevena","Durtnall","18/11/1999",233,"FAUX","Contrat Pro",21,"termine","LILLE","BDS","CAPGEMINI","POLYTECH"
"ObjectId(""61db553ec81e1457f090d76f"")","Cleveland","Matis","16/06/1999",300,"VRAI","Contrat d'apprentissage",3,"stop","PARIS","BDE","CAPGEMINI","POLYTECH"
"ObjectId(""61db553ec81e1457f090d770"")","Melisenda","Pashe","23/10/1997",225,"FAUX","Contrat d'apprentissage",9,"termine","MONTPELIER","BDE","AKKA","MINES"
"ObjectId(""61db553ec81e1457f090d771"")","Bentley","Folini","14/05/1993",91,"FAUX","Stage",3,"stop","LILLE","SPR","AFROLOGIX","101"
"ObjectId(""61db553ec81e1457f090d772"")","Paddie","Cottis","10/12/1998",15,"FAUX","Stage",17,"en cours","MONTPELIER","SPR","AMAZON","101"
"ObjectId(""61db553ec81e1457f090d773"")","Carmine","Spellard","11/11/1993",300,"VRAI","Contrat Pro",2,"stop","LILLE","BDS","MICHELIN","42"
"ObjectId(""61db553ec81e1457f090d774"")","Glory","Hamberstone","06/03/2001",32,"FAUX","Stage",10,"termine","CAEN","BDS","SHINKA","ISIMA"
"ObjectId(""61db553ec81e1457f090d775"")","Anthiathia","Grzegorczyk","16/11/1997",22,"FAUX","Contrat d'apprentissage",13,"stop","CLERMONT","SPR","CDISCOUNT","101"
"ObjectId(""61db553ec81e1457f090d776"")","Gwendolen","Sidnell","18/04/1998",266,"FAUX","Contrat Pro",3,"stop","CAEN","BDE","ASTEK","ISIMA"
"ObjectId(""61db553ec81e1457f090d777"")","Ulberto","Colyer","09/10/2002",149,"FAUX","Contrat d'apprentissage",1,"termine","LYON","BDS","AFROLOGIX","42"
"ObjectId(""61db553ec81e1457f090d778"")","Josefa","Eustice","25/07/1997",99,"FAUX","Contrat Pro",12,"en cours","CLERMONT","SPR","SOGETI","MINES"
"ObjectId(""61db553ec81e1457f090d779"")","Fiorenze","Blackesland","03/03/1999",245,"FAUX","Contrat d'apprentissage",15,"en cours","PARIS","SPR","GFI","ECOLE DE LA VIE"
"ObjectId(""61db553ec81e1457f090d77a"")","Flory","Sleaford","14/11/1995",9,"FAUX","Stage",4,"en cours","PARIS","BDE","THALES","MINES"
"ObjectId(""61db553ec81e1457f090d77b"")","Desmond","Wiskar","15/02/2002",210,"FAUX","Contrat Pro",19,"stop","LYON","SPR","ENELCAM","ESI"
"ObjectId(""61db553ec81e1457f090d77c"")","Jonah","Malling","18/04/1998",123,"FAUX","Contrat Pro",16,"en cours","CAEN","SPR","CAPGEMINI","INSA"
"ObjectId(""61db553ec81e1457f090d77d"")","Guillermo","Phuprate","04/01/1994",154,"FAUX","Contrat d'apprentissage",8,"stop","MONTPELIER","BDE","CAMTEL","UNIVERSITY 365"
"ObjectId(""61db553ec81e1457f090d77e"")","Michel","Heaven","06/02/1995",151,"FAUX","Contrat d'apprentissage",4,"en cours","CAEN","SPR","ALTRAM","INSA"
"ObjectId(""61db553ec81e1457f090d77f"")","Joye","Delhanty","29/07/1998",29,"FAUX","Contrat d'apprentissage",14,"en cours","MONTPELIER","BDE","ALL4TEST","EPITECH"
"ObjectId(""61db553ec81e1457f090d780"")","Fernanda","Vaissiere","29/08/1995",169,"FAUX","Contrat Pro",6,"termine","CLERMONT","SPR","OPEN","SUPINFO"
"ObjectId(""61db553ec81e1457f090d781"")","Kacy","Found","19/07/1996",190,"FAUX","Stage",4,"en cours","CAEN","BDS","ALL4TEST","ECOLE DE LA VIE"
"ObjectId(""61db553ec81e1457f090d782"")","Kristo","Eglise","27/10/2001",121,"FAUX","Contrat d'apprentissage",19,"termine","PARIS","SPR","MTN","MINES"
"ObjectId(""61db553ec81e1457f090d783"")","Anne-marie","Cream","10/05/1994",72,"FAUX","Contrat Pro",7,"en cours","MONTPELIER","BDS","FREE","UNIVERSITY 365"
"ObjectId(""61db553ec81e1457f090d784"")","Alford","Trosdall","27/02/1993",190,"FAUX","Stage",9,"stop","LILLE","SPR","CAMTEL","SUPINFO"
"ObjectId(""61db553ec81e1457f090d785"")","Gwenora","Desson","14/10/1999",133,"FAUX","Stage",11,"termine","LYON","BDS","HUAWEI","ECOLE DE LA VIE"
"ObjectId(""61db553ec81e1457f090d786"")","Valina","Wharby","29/04/1993",201,"FAUX","Contrat d'apprentissage",14,"en cours","CLERMONT","BDS","ACCENTURE","POLYTECH"
"ObjectId(""61db553ec81e1457f090d787"")","Mirna","Phillpotts","30/10/2002",59,"FAUX","Contrat Pro",16,"stop","MONTPELIER","BDS","IUC","ECOLE DE LA VIE"
"ObjectId(""61db553ec81e1457f090d788"")","Augie","Gales","28/05/2002",236,"FAUX","Contrat Pro",20,"en cours","CAEN","BDS","ATOS","ESI"
"ObjectId(""61db553ec81e1457f090d789"")","Vasilis","Valerio","26/05/1993",70,"FAUX","Stage",12,"termine","CLERMONT","SPR","CDISCOUNT","42"
"ObjectId(""61db553ec81e1457f090d78a"")","Bebe","Spitaro","13/01/1999",193,"FAUX","Stage",8,"en cours","MONTPELIER","SPR","OPEN","EPITECH"
"ObjectId(""61db553ec81e1457f090d78b"")","Danell","Godilington","13/08/1999",134,"FAUX","Stage",2,"en cours","CAEN","SPR","SHINKA","42"
"ObjectId(""61db553ec81e1457f090d78c"")","Rand","Drugan","10/12/1995",115,"FAUX","Contrat d'apprentissage",10,"stop","LYON","BDS","CGI","42"
"ObjectId(""61db553ec81e1457f090d78d"")","Jimmie","Sherman","10/09/1994",272,"FAUX","Contrat Pro",1,"en cours","LYON","BDS","ALTRAM","ISIMA"
"ObjectId(""61db553ec81e1457f090d78e"")","Gregory","Blakebrough","13/08/1997",284,"FAUX","Stage",6,"stop","LYON","BDE","MICHELIN","ESI"
"ObjectId(""61db553ec81e1457f090d78f"")","Jude","Feaster","20/05/1994",179,"FAUX","Contrat Pro",21,"stop","LILLE","BDS","AFRIK-SOLUTION","MINES"
"ObjectId(""61db553ec81e1457f090d790"")","Addie","Gowlett","16/10/2000",111,"FAUX","Contrat d'apprentissage",4,"stop","CLERMONT","BDS","SOFTTEAMS","SUPINFO"
"ObjectId(""61db553ec81e1457f090d791"")","Kinny","Alston","27/04/1994",230,"FAUX","Contrat Pro",8,"stop","PARIS","BDE","DIGIT CONCEPT","POLYTECH"
"ObjectId(""61db553ec81e1457f090d792"")","Tally","Guerra","18/03/1996",76,"FAUX","Stage",2,"en cours","LYON","BDE","ALTRAM","EPITECH"
"ObjectId(""61db553ec81e1457f090d793"")","Barron","MacRitchie","11/04/1998",56,"FAUX","Contrat d'apprentissage",5,"en cours","MONTPELIER","SPR","ORACLE","ESI"
"ObjectId(""61db553ec81e1457f090d794"")","Jarrett","Ladell","09/03/2001",58,"FAUX","Contrat d'apprentissage",10,"en cours","MONTPELIER","BDS","OPEN","EPITECH"
"ObjectId(""61db553ec81e1457f090d795"")","Morna","Cheves","13/06/1993",15,"FAUX","Contrat d'apprentissage",17,"stop","PARIS","SPR","AMAZON","101"
"ObjectId(""61db553ec81e1457f090d796"")","Cindy","Macvey","15/06/1997",106,"FAUX","Contrat Pro",21,"en cours","LYON","BDE","ALL4TEST","MINES"
"ObjectId(""61db553ec81e1457f090d797"")","Carroll","Arents","09/06/1996",253,"FAUX","Contrat d'apprentissage",15,"en cours","MONTPELIER","BDE","MRC","POLYTECH"
"ObjectId(""61db553ec81e1457f090d798"")","Shannon","Dymock","27/10/1996",126,"FAUX","Contrat Pro",14,"termine","PARIS","SPR","CAMTEL","POLYTECH"
"ObjectId(""61db553ec81e1457f090d799"")","Osborn","Mash","01/09/1995",237,"FAUX","Contrat d'apprentissage",9,"stop","LYON","BDE","ASI","INSA"
"ObjectId(""61db553ec81e1457f090d79a"")","Lorelle","Hay","21/05/2001",137,"FAUX","Contrat d'apprentissage",17,"stop","PARIS","BDE","ORACLE","ISIMA"
"ObjectId(""61db553ec81e1457f090d79b"")","Evaleen","Thornhill","07/05/1998",219,"FAUX","Stage",15,"stop","LILLE","BDS","AKKA","101"
"ObjectId(""61db553ec81e1457f090d79c"")","Joy","Gladbach","07/06/1998",257,"FAUX","Contrat Pro",16,"en cours","LYON","BDS","MICHELIN","INSA"
"ObjectId(""61db553ec81e1457f090d79d"")","Clyve","Perutto","26/11/1998",128,"FAUX","Stage",19,"termine","MONTPELIER","BDS","AXXA","POLYTECH"
"ObjectId(""61db553ec81e1457f090d79e"")","Waite","Maureen","21/04/1995",291,"FAUX","Stage",4,"stop","LILLE","BDE","IBM","UNIVERSITY 365"
"ObjectId(""61db553ec81e1457f090d79f"")","Kyle","Eicheler","25/09/2001",111,"FAUX","Contrat Pro",14,"en cours","PARIS","BDE","SHINKA","SUPINFO"
"ObjectId(""61db553ec81e1457f090d7a0"")","Dorise","Bollam","05/02/1999",132,"FAUX","Stage",3,"en cours","LYON","SPR","MICHELIN","ESI"
"ObjectId(""61db553ec81e1457f090d7a1"")","Barbara","Bussey","30/04/1996",287,"FAUX","Contrat Pro",11,"termine","PARIS","SPR","MRC","ISIMA"
"ObjectId(""61db553ec81e1457f090d7a2"")","Jacob","McGeoch","29/03/1996",78,"FAUX","Contrat Pro",10,"en cours","LYON","SPR","IUC","ISIMA"
"ObjectId(""61db553ec81e1457f090d7a3"")","Stevana","O'Mullaney","08/05/1995",149,"FAUX","Stage",2,"termine","MONTPELIER","BDE","SAFRAM","MINES"
"ObjectId(""61db553ec81e1457f090d7a4"")","Grete","Cheke","30/09/2001",36,"FAUX","Contrat Pro",1,"termine","MONTPELIER","SPR","SAFRAM","ECOLE DE LA VIE"
"ObjectId(""61db553ec81e1457f090d7a5"")","Zia","Pragnell","31/08/2002",130,"FAUX","Contrat Pro",14,"stop","CAEN","BDE","AXXA","MINES"
"ObjectId(""61db553ec81e1457f090d7a6"")","Nikaniki","Endacott","24/02/2001",76,"FAUX","Contrat d'apprentissage",20,"termine","LYON","BDE","MICHELIN","42"
"ObjectId(""61db553ec81e1457f090d7a7"")","Alysia","Stranks","02/06/1999",119,"FAUX","Contrat d'apprentissage",4,"termine","PARIS","SPR","SAFRAM","UNIVERSITY 365"
"ObjectId(""61db553ec81e1457f090d7a8"")","Boris","Bisley","07/12/1996",109,"FAUX","Stage",24,"termine","CLERMONT","BDE","ALTRAM","101"
"ObjectId(""61db553ec81e1457f090d7a9"")","Ivan","Rowet","15/08/1995",144,"FAUX","Stage",24,"termine","CAEN","BDS","CONNEXTIC","UNIVERSITY 365"
"ObjectId(""61db553ec81e1457f090d7aa"")","Gleda","Bougen","19/11/1995",208,"FAUX","Stage",19,"stop","LILLE","BDE","ORACLE","POLYTECH"
"ObjectId(""61db553ec81e1457f090d7ab"")","Clo","Kellog","29/04/1994",201,"FAUX","Contrat d'apprentissage",21,"stop","MONTPELIER","BDE","MTN","42"
"ObjectId(""61db553ec81e1457f090d7ac"")","Dita","Viveash","20/12/1999",158,"FAUX","Stage",9,"termine","CAEN","SPR","GFI","EPITECH"
"ObjectId(""61db553ec81e1457f090d7ad"")","Griswold","Grimston","22/05/1998",74,"FAUX","Contrat d'apprentissage",22,"stop","PARIS","BDE","MTN","INSA"
"ObjectId(""61db553ec81e1457f090d7ae"")","Mariette","Walklate","11/07/1996",130,"FAUX","Stage",2,"termine","MONTPELIER","SPR","ALL4TEST","101"
"ObjectId(""61db553ec81e1457f090d7af"")","Sutton","Blowin","04/03/2002",163,"FAUX","Contrat Pro",1,"stop","MONTPELIER","SPR","SAFRAM","42"
"ObjectId(""61db553ec81e1457f090d7b0"")","Barby","Godrich","22/04/1995",165,"FAUX","Stage",18,"stop","LILLE","SPR","CAMTEL","ESI"
"ObjectId(""61db553ec81e1457f090d7b1"")","Ransell","Drewell","03/10/2002",181,"FAUX","Contrat d'apprentissage",17,"stop","MONTPELIER","SPR","ORACLE","ECOLE DE LA VIE"
"ObjectId(""61db553ec81e1457f090d7b2"")","Bobbye","Ducham","20/05/1997",26,"FAUX","Contrat d'apprentissage",6,"stop","MONTPELIER","BDE","SOGETI","UNIVERSITY 365"
"ObjectId(""61db553ec81e1457f090d7b3"")","Gabriell","Cadwallader","20/11/1995",126,"FAUX","Stage",11,"en cours","MONTPELIER","BDE","ACCENTURE","ISIMA"
"ObjectId(""61db553ec81e1457f090d7b4"")","Moyna","Mucklow","15/08/1995",251,"FAUX","Stage",12,"en cours","LILLE","SPR","AFRIK-SOLUTION","SUPINFO"
"ObjectId(""61db553ec81e1457f090d7b5"")","Wandis","Gravells","22/07/1998",292,"FAUX","Contrat d'apprentissage",18,"en cours","LYON","BDE","AXXA","101"
"ObjectId(""61db553ec81e1457f090d7b6"")","Elia","Kelwaybamber","20/01/1994",84,"FAUX","Contrat Pro",15,"termine","CLERMONT","BDE","ASTEK","SUPINFO"
"ObjectId(""61db553ec81e1457f090d7b7"")","Harris","Pybworth","15/07/2001",221,"FAUX","Contrat d'apprentissage",16,"termine","MONTPELIER","BDS","IUC","INSA"
"ObjectId(""61db553ec81e1457f090d7b8"")","Von","Hayter","27/10/1993",76,"FAUX","Contrat Pro",16,"termine","CLERMONT","SPR","AKKA","UNIVERSITY 365"
"ObjectId(""61db553ec81e1457f090d7b9"")","Corrina","Hubbold","10/04/1995",96,"FAUX","Contrat d'apprentissage",19,"en cours","LYON","SPR","ALTRAM","INSA"
"ObjectId(""61db553ec81e1457f090d7ba"")","Jerri","Riddle","05/07/1999",63,"FAUX","Contrat d'apprentissage",18,"stop","CLERMONT","BDE","ALTRAM","EPITECH"
"ObjectId(""61db553ec81e1457f090d7bb"")","Jaquenette","Janzen","03/07/1996",138,"FAUX","Contrat Pro",4,"stop","LYON","BDE","SOGETI","ESI"
"ObjectId(""61db553ec81e1457f090d7bc"")","Faythe","Glandon","13/12/1999",239,"FAUX","Contrat Pro",5,"stop","LILLE","BDE","ASI","ESI"
"ObjectId(""61db553ec81e1457f090d7bd"")","Gill","Gorsse","26/02/1993",107,"FAUX","Contrat Pro",8,"stop","LYON","SPR","ALL4TEST","POLYTECH"
"ObjectId(""61db553ec81e1457f090d7be"")","Iorgo","Limerick","07/12/2001",134,"FAUX","Contrat d'apprentissage",2,"termine","LYON","BDS","IUC","INSA"
"ObjectId(""61db553ec81e1457f090d7bf"")","Hubert","Meier","20/02/2002",28,"FAUX","Contrat d'apprentissage",12,"termine","CAEN","BDE","SOGETI","UNIVERSITY 365"
"ObjectId(""61db553ec81e1457f090d7c0"")","Brittany","Claringbold","10/02/1999",229,"FAUX","Contrat d'apprentissage",12,"en cours","LILLE","BDS","AFROLOGIX","SUPINFO"
"ObjectId(""61db553ec81e1457f090d7c1"")","Aloisia","Jaye","26/06/2000",285,"FAUX","Contrat d'apprentissage",11,"en cours","CLERMONT","SPR","AFRIK-SOLUTION","42"
"ObjectId(""61db553ec81e1457f090d7c2"")","Mignonne","Sacaze","06/09/2000",256,"FAUX","Contrat Pro",23,"stop","PARIS","BDE","AFROLOGIX","MINES"
"ObjectId(""61db553ec81e1457f090d7c3"")","Sanderson","Hodges","06/06/1997",294,"FAUX","Contrat d'apprentissage",4,"termine","LYON","BDS","AXXA","EPITECH"
"ObjectId(""61db553ec81e1457f090d7c4"")","Chelsea","Schankel","12/03/2001",275,"FAUX","Contrat d'apprentissage",4,"en cours","LILLE","SPR","CDISCOUNT","INSA"
"ObjectId(""61db553ec81e1457f090d7c5"")","Patrice","Ferran","14/05/2002",283,"FAUX","Contrat d'apprentissage",12,"en cours","PARIS","BDS","ALTRAM","ISIMA"
"ObjectId(""61db553ec81e1457f090d7c6"")","Mellie","Crommett","01/06/1996",257,"FAUX","Stage",23,"termine","LYON","SPR","SAFRAM","SUPINFO"
"ObjectId(""61db553ec81e1457f090d7c7"")","Tades","Croft","04/03/1995",158,"FAUX","Contrat Pro",20,"stop","MONTPELIER","SPR","MTN","ISIMA"
"ObjectId(""61db553ec81e1457f090d7c8"")","Rois","Marr","21/09/2000",243,"FAUX","Contrat d'apprentissage",5,"termine","PARIS","BDS","CAPGEMINI","INSA"
"ObjectId(""61db553ec81e1457f090d7c9"")","Walt","Windmill","03/10/1998",246,"FAUX","Stage",19,"en cours","CLERMONT","BDE","AMAZON","ECOLE DE LA VIE"
"ObjectId(""61db553ec81e1457f090d7ca"")","Kip","Dana","13/09/1998",132,"FAUX","Contrat Pro",8,"en cours","LYON","BDE","ADVENCE CAMEROUN","POLYTECH"
"ObjectId(""61db553ec81e1457f090d7cb"")","Josefa","Eyckelbeck","24/04/1993",73,"FAUX","Contrat d'apprentissage",5,"en cours","CAEN","BDS","SOFTTEAMS","ECOLE DE LA VIE"
"ObjectId(""61db553ec81e1457f090d7cc"")","Joshuah","Stuckow","09/04/1998",231,"FAUX","Contrat d'apprentissage",20,"stop","CAEN","BDE","CGI","POLYTECH"
"ObjectId(""61db553ec81e1457f090d7cd"")","Sophronia","Fedorchenko","29/05/1996",153,"FAUX","Contrat Pro",21,"stop","LILLE","BDE","DIGIT CONCEPT","ESI"
"ObjectId(""61db553ec81e1457f090d7ce"")","Thor","Pavlasek","13/05/2001",141,"FAUX","Stage",18,"en cours","MONTPELIER","BDE","ABYSTER","101"
"ObjectId(""61db553ec81e1457f090d7cf"")","Christel","Taunton.","16/12/1996",265,"FAUX","Stage",20,"en cours","MONTPELIER","BDE","SAFRAM","SUPINFO"
"ObjectId(""61db553ec81e1457f090d7d0"")","Torie","Freyn","13/10/2000",208,"FAUX","Contrat d'apprentissage",16,"en cours","LYON","SPR","SOFTTEAMS","MINES"
"ObjectId(""61db553ec81e1457f090d7d1"")","Nert","Sorey","15/06/1997",208,"FAUX","Contrat Pro",14,"en cours","LYON","SPR","ADVENCE CAMEROUN","101"
"ObjectId(""61db553ec81e1457f090d7d2"")","Cyril","Burbridge","14/01/1994",148,"FAUX","Contrat d'apprentissage",18,"en cours","PARIS","BDS","CDISCOUNT","SUPINFO"
"ObjectId(""61db553ec81e1457f090d7d3"")","Ervin","Orthmann","06/09/1996",120,"FAUX","Stage",3,"stop","MONTPELIER","BDS","THALES","42"
"ObjectId(""61db553ec81e1457f090d7d4"")","Melli","Youngman","07/03/2002",243,"FAUX","Stage",19,"en cours","LILLE","BDS","ALL4TEST","SUPINFO"
"ObjectId(""61db553ec81e1457f090d7d5"")","Stevana","Bickell","12/03/1998",34,"FAUX","Contrat d'apprentissage",20,"en cours","CLERMONT","SPR","GFI","EPITECH"
"ObjectId(""61db553ec81e1457f090d7d6"")","Kennan","Norheny","06/09/1995",76,"FAUX","Stage",22,"stop","CAEN","BDS","FREE","ESI"
"ObjectId(""61db553ec81e1457f090d7d7"")","Keane","Koeppe","03/05/1994",256,"FAUX","Contrat Pro",23,"en cours","MONTPELIER","BDS","CAMTEL","MINES"
"ObjectId(""61db553ec81e1457f090d7d8"")","Gayla","Formie","11/05/1999",272,"FAUX","Stage",15,"termine","CAEN","SPR","ASTEK","INSA"
"ObjectId(""61db553ec81e1457f090d7d9"")","Rosa","Ainsworth","25/08/1995",19,"FAUX","Stage",12,"termine","CAEN","SPR","AFRIK-SOLUTION","42"
"ObjectId(""61db553ec81e1457f090d7da"")","Royce","Blackler","15/02/2001",175,"FAUX","Contrat Pro",13,"en cours","CLERMONT","SPR","THALES","MINES"
"ObjectId(""61db553ec81e1457f090d7db"")","Erwin","Hebdon","26/09/1994",81,"FAUX","Contrat d'apprentissage",2,"stop","CLERMONT","BDE","HUAWEI","POLYTECH"
"ObjectId(""61db553ec81e1457f090d7dc"")","Berrie","Zanuciolii","27/03/1996",114,"FAUX","Contrat d'apprentissage",15,"stop","MONTPELIER","BDS","ABYSTER","EPITECH"
"ObjectId(""61db553ec81e1457f090d7dd"")","Bernelle","Kryska","21/02/1999",184,"FAUX","Contrat Pro",11,"en cours","PARIS","BDS","SHINKA","EPITECH"
"ObjectId(""61db553ec81e1457f090d7de"")","Darbie","Mc Andrew","29/01/2000",244,"FAUX","Stage",6,"en cours","LYON","SPR","ASTEK","101"
"ObjectId(""61db553ec81e1457f090d7df"")","Olenolin","Mockett","31/07/2002",271,"FAUX","Contrat d'apprentissage",24,"en cours","LILLE","BDS","MRC","ESI"
"ObjectId(""61db553ec81e1457f090d7e0"")","Porter","Himsworth","02/01/2000",108,"FAUX","Contrat Pro",22,"termine","LILLE","BDE","ALL4TEST","ISIMA"
"ObjectId(""61db553ec81e1457f090d7e1"")","Clarabelle","Treverton","02/03/1997",185,"FAUX","Contrat Pro",15,"en cours","CLERMONT","BDE","ALL4TEST","INSA"
"ObjectId(""61db553ec81e1457f090d7e2"")","Seumas","Wackley","16/03/1993",98,"FAUX","Contrat d'apprentissage",4,"en cours","PARIS","BDE","IBM","101"
"ObjectId(""61db553ec81e1457f090d7e3"")","Brod","Belf","16/08/1993",287,"FAUX","Contrat d'apprentissage",9,"stop","CAEN","BDE","SHINKA","INSA"
"ObjectId(""61db553ec81e1457f090d7e4"")","Xaviera","Witch","01/02/2000",46,"FAUX","Stage",11,"stop","MONTPELIER","SPR","AXXA","INSA"
"ObjectId(""61db553ec81e1457f090d7e5"")","Howard","Grzegorzewski","13/10/1996",205,"FAUX","Stage",21,"stop","LYON","BDS","CDISCOUNT","SUPINFO"
"ObjectId(""61db553ec81e1457f090d7e6"")","Sheelagh","Gurrado","25/12/1998",151,"FAUX","Contrat Pro",5,"stop","CLERMONT","SPR","IUC","ISIMA"
"ObjectId(""61db553ec81e1457f090d7e7"")","Saunderson","Bolley","24/08/1993",258,"FAUX","Contrat d'apprentissage",7,"stop","LYON","SPR","MICHELIN","101"
"ObjectId(""61db553ec81e1457f090d7e8"")","Kristal","Goshawk","24/12/1997",274,"FAUX","Contrat Pro",24,"termine","CLERMONT","BDS","THALES","ECOLE DE LA VIE"
"ObjectId(""61db553ec81e1457f090d7e9"")","Bunni","Goldsbury","12/04/1997",172,"FAUX","Contrat d'apprentissage",24,"en cours","MONTPELIER","BDE","ENELCAM","42"
"ObjectId(""61db553ec81e1457f090d7ea"")","Shayne","Barnewille","04/06/1996",299,"FAUX","Stage",24,"en cours","PARIS","SPR","DIGIT CONCEPT","POLYTECH"
"ObjectId(""61db553ec81e1457f090d7eb"")","xxxxxx","Greensitt","04/01/2000",273,"FAUX","Contrat d'apprentissage",14,"termine","CLERMONT","BDS","CDISCOUNT","UNIVERSITY 365"
"ObjectId(""61db553ec81e1457f090d7ec"")","Henrieta","Aleksic","27/09/1996",15,"FAUX","Stage",3,"stop","PARIS","BDS","ASI","SUPINFO"
"ObjectId(""61db553ec81e1457f090d7ed"")","Rayner","Ryles","11/05/2001",132,"FAUX","Stage",10,"en cours","LILLE","BDS","CDISCOUNT","UNIVERSITY 365"
"ObjectId(""61db553ec81e1457f090d7ee"")","Thorndike","Drinkall","08/09/1994",72,"FAUX","Contrat Pro",24,"stop","CLERMONT","BDE","IBM","101"
"ObjectId(""61db553ec81e1457f090d7ef"")","Gaelan","Foyle","24/08/1994",73,"FAUX","Stage",19,"en cours","CAEN","BDE","ENELCAM","42"
"ObjectId(""61db553ec81e1457f090d7f0"")","Adriane","England","20/09/2001",124,"FAUX","Contrat d'apprentissage",16,"en cours","MONTPELIER","BDE","ENELCAM","ECOLE DE LA VIE"
"ObjectId(""61db553ec81e1457f090d7f1"")","Flynn","Trahair","17/11/1999",89,"FAUX","Stage",20,"termine","CAEN","BDE","AXXA","EPITECH"
"ObjectId(""61db553ec81e1457f090d7f2"")","Darla","Kempe","08/04/1996",216,"FAUX","Contrat Pro",17,"stop","CLERMONT","SPR","SAFRAM","ECOLE DE LA VIE"
"ObjectId(""61db553ec81e1457f090d7f3"")","Ed","Bater","05/09/1998",170,"FAUX","Contrat d'apprentissage",6,"stop","LYON","SPR","THALES","ECOLE DE LA VIE"
"ObjectId(""61db553ec81e1457f090d7f4"")","Marv","McAlister","24/09/2000",32,"FAUX","Contrat Pro",7,"stop","CAEN","SPR","RUEDUCOMMERCE","ESI"
"ObjectId(""61db553ec81e1457f090d7f5"")","Rik","Platts","01/12/1997",84,"FAUX","Contrat Pro",21,"stop","LILLE","SPR","AMAZON","INSA"
"ObjectId(""61db553ec81e1457f090d7f6"")","Franz","Opy","14/07/1995",122,"FAUX","Stage",3,"stop","CAEN","BDS","CDISCOUNT","POLYTECH"
"ObjectId(""61db553ec81e1457f090d7f7"")","Ashbey","Rustidge","04/06/1997",109,"FAUX","Contrat d'apprentissage",8,"termine","CLERMONT","BDE","AFROLOGIX","INSA"
"ObjectId(""61db553ec81e1457f090d7f8"")","Mady","Garrard","17/10/1999",141,"FAUX","Contrat Pro",21,"termine","MONTPELIER","BDE","SOFTTEAMS","MINES"
"ObjectId(""61db553ec81e1457f090d7f9"")","Julieta","Donnelly","28/06/1999",74,"FAUX","Stage",24,"en cours","CAEN","BDS","ADVENCE CAMEROUN","ISIMA"
"ObjectId(""61db553ec81e1457f090d7fa"")","Clyve","Kuhwald","13/02/2001",172,"FAUX","Contrat Pro",9,"termine","CAEN","BDS","RUEDUCOMMERCE","42"
"ObjectId(""61db553ec81e1457f090d7fb"")","Salomone","Littlejohns","10/05/1999",252,"FAUX","Stage",20,"en cours","MONTPELIER","SPR","IUC","101"
"ObjectId(""61db553ec81e1457f090d7fc"")","Mortimer","Dmitr","04/05/1993",124,"FAUX","Stage",4,"stop","LILLE","SPR","CONNEXTIC","ESI"
"ObjectId(""61db553ec81e1457f090d7fd"")","Sallyanne","Kilgour","25/11/1999",13,"FAUX","Contrat d'apprentissage",16,"en cours","LYON","BDS","AKKA","101"
"ObjectId(""61db553ec81e1457f090d7fe"")","Di","Bemrose","09/04/1994",52,"FAUX","Stage",14,"stop","LYON","BDS","ALL4TEST","42"
"ObjectId(""61db553ec81e1457f090d7ff"")","Reider","Speirs","16/06/1997",89,"FAUX","Contrat Pro",2,"en cours","CLERMONT","BDE","CAMTEL","ECOLE DE LA VIE"
"ObjectId(""61db553ec81e1457f090d800"")","Britt","Ostridge","24/08/1996",262,"FAUX","Stage",16,"en cours","LYON","BDS","AXXA","EPITECH"
"ObjectId(""61db553ec81e1457f090d801"")","Welsh","Gluyas","15/11/1995",139,"FAUX","Stage",18,"termine","CAEN","BDS","ABYSTER","SUPINFO"
"ObjectId(""61db553ec81e1457f090d802"")","Desmond","Krollmann","05/01/2001",138,"FAUX","Contrat Pro",13,"stop","MONTPELIER","BDS","AMAZON","42"
"ObjectId(""61db553ec81e1457f090d803"")","Illa","Petett","30/11/1993",280,"FAUX","Stage",2,"termine","PARIS","BDS","AFROLOGIX","INSA"
"ObjectId(""61db553ec81e1457f090d804"")","Orion","Rubenczyk","27/07/1997",158,"FAUX","Contrat d'apprentissage",15,"termine","MONTPELIER","SPR","FREE","ISIMA"
"ObjectId(""61db553ec81e1457f090d805"")","Ava","Wastall","14/10/1993",178,"FAUX","Stage",17,"termine","CLERMONT","BDS","OPEN","EPYTECH"
"ObjectId(""61db553ec81e1457f090d806"")","Olivier","Bendle","08/04/1994",211,"FAUX","Contrat Pro",8,"termine","LILLE","SPR","ADVENCE CAMEROUN","UNIVERSITY 365"
"ObjectId(""61db553ec81e1457f090d807"")","Mireille","Brimble","24/04/1993",7,"FAUX","Contrat Pro",10,"termine","MONTPELIER","BDS","ASTEK","EPITECH"
"ObjectId(""61db553ec81e1457f090d808"")","Myra","Cusick","31/10/1999",191,"FAUX","Contrat d'apprentissage",23,"stop","LYON","SPR","SHINKA","INSA"
"ObjectId(""61db553ec81e1457f090d809"")","Wit","Pizzie","23/10/2000",65,"FAUX","Contrat Pro",19,"stop","PARIS","BDE","OPEN","INSA"
"ObjectId(""61db553ec81e1457f090d80a"")","Clyde","Cockayne","15/07/1998",219,"FAUX","Contrat d'apprentissage",9,"en cours","CLERMONT","BDE","SOGETI","EPITECH"
"ObjectId(""61db553ec81e1457f090d80b"")","Paulita","Thurborn","29/01/1998",41,"FAUX","Stage",5,"en cours","CLERMONT","BDS","AKKA","EPITECH"
"ObjectId(""61db553ec81e1457f090d80c"")","Jase","Bouldon","09/04/1994",127,"FAUX","Contrat d'apprentissage",13,"termine","CLERMONT","BDE","HUAWEI","ISIMA"
"ObjectId(""61db553ec81e1457f090d80d"")","Amity","Bohlmann","12/10/2002",55,"FAUX","Contrat Pro",23,"stop","CLERMONT","BDS","CISCO","MINES"
"ObjectId(""61db553ec81e1457f090d80e"")","Riki","Bielfeldt","22/09/2001",152,"FAUX","Contrat Pro",24,"stop","CLERMONT","BDS","ATOS","INSA"
"ObjectId(""61db553ec81e1457f090d80f"")","Minne","Ind","19/10/1998",187,"FAUX","Contrat d'apprentissage",24,"en cours","CAEN","SPR","AKKA","SUPINFO"
"ObjectId(""61db553ec81e1457f090d810"")","Frederica","Eilert","23/03/1996",181,"FAUX","Contrat d'apprentissage",13,"stop","MONTPELIER","BDS","ALTRAM","SUPINFO"
"ObjectId(""61db553ec81e1457f090d811"")","Angie","Ewbank","14/01/1999",220,"FAUX","Contrat Pro",6,"termine","CLERMONT","BDS","ENELCAM","MINES"
"ObjectId(""61db553ec81e1457f090d812"")","Arther","Sigg","07/06/2002",179,"FAUX","Contrat Pro",11,"en cours","LILLE","SPR","THALES","UNIVERSITY 365"
"ObjectId(""61db553ec81e1457f090d813"")","Kaylee","Sketcher","02/03/1997",240,"FAUX","Contrat Pro",3,"termine","LYON","SPR","IBM","INSA"
"ObjectId(""61db553ec81e1457f090d814"")","Rabi","Sparwell","02/06/2000",195,"FAUX","Contrat d'apprentissage",10,"en cours","PARIS","SPR","ACCENTURE","UNIVERSITY 365"
"ObjectId(""61db553ec81e1457f090d815"")","Basil","Schimann","12/06/1996",197,"FAUX","Contrat Pro",11,"en cours","LILLE","SPR","ASI","MINES"
"ObjectId(""61db553ec81e1457f090d816"")","Sanderson","Rippingall","11/08/1999",77,"FAUX","Contrat Pro",19,"en cours","MONTPELIER","BDE","AFRIK-SOLUTION","ECOLE DE LA VIE"
"ObjectId(""61db553ec81e1457f090d817"")","Noak","Dombrell","03/10/2000",78,"FAUX","Stage",5,"stop","CLERMONT","SPR","AFROLOGIX","101"
"ObjectId(""61db553ec81e1457f090d818"")","Tricia","Becerro","07/04/1994",232,"FAUX","Contrat Pro",14,"termine","CAEN","SPR","CGI","42"
"ObjectId(""61db553ec81e1457f090d819"")","Karleen","McLanaghan","28/08/2000",207,"FAUX","Contrat d'apprentissage",17,"en cours","LYON","BDE","ADVENCE CAMEROUN","EPITECH"
"ObjectId(""61db553ec81e1457f090d81a"")","Evangelia","McKew$","14/04/1998",96,"FAUX","Contrat d'apprentissage",2,"stop","CAEN","BDE","IUC","POLYTECH"
"ObjectId(""61db553ec81e1457f090d81b"")","Stinky","Gyrgorcewicx","04/05/2001",234,"FAUX","Stage",18,"termine","LILLE","BDE","ABYSTER","POLYTECH"
"ObjectId(""61db553ec81e1457f090d81c"")","Olva","Reid","02/02/2000",125,"FAUX","Stage",18,"termine","MONTPELIER","BDE","SOGETI","ECOLE DE LA VIE"
"ObjectId(""61db553ec81e1457f090d81d"")","Valaria","Woof","03/12/1995",258,"FAUX","Contrat d'apprentissage",9,"termine","MONTPELIER","SPR","ORACLE","MINES"
"ObjectId(""61db553ec81e1457f090d81e"")","Susy","Landells","04/09/1995",208,"FAUX","Contrat d'apprentissage",10,"en cours","LILLE","BDS","THALES","SUPINFO"
"ObjectId(""61db553ec81e1457f090d81f"")","Woodie","Malmar","14/12/1998",68,"FAUX","Stage",16,"stop","LILLE","BDE","SHINKA","INSA"
"ObjectId(""61db553ec81e1457f090d820"")","Coraline","Tolossi","26/05/1997",34,"FAUX","Contrat d'apprentissage",6,"termine","LILLE","BDS","ABYSTER","UNIVERSITY 365"
"ObjectId(""61db553ec81e1457f090d821"")","Loydie","Blasgen","03/03/2001",50,"FAUX","Stage",21,"termine","CLERMONT","BDS","AMAZON","42"
"ObjectId(""61db553ec81e1457f090d822"")","Pat","Maffioni","16/07/2001",192,"FAUX","Stage",23,"stop","LYON","BDE","MICHELIN","INSA"
"ObjectId(""61db553ec81e1457f090d823"")","Chadwick","Blundan","23/12/1995",99,"FAUX","Stage",18,"en cours","LILLE","SPR","GFI","POLYTECH"
"ObjectId(""61db553ec81e1457f090d824"")","Emilee","O'Kuddyhy","15/04/1994",29,"FAUX","Stage",21,"stop","LYON","SPR","AFRIK-SOLUTION","ESI"
"ObjectId(""61db553ec81e1457f090d825"")","Stacee","Tibb","26/05/1993",216,"FAUX","Contrat Pro",16,"stop","CLERMONT","BDS","IBM","ESI"
"ObjectId(""61db553ec81e1457f090d826"")","Nikolai","Dey","19/09/1998",70,"FAUX","Stage",5,"termine","MONTPELIER","SPR","FREE","POLYTECH"
"ObjectId(""61db553ec81e1457f090d827"")","Christalle","Gooderidge","07/05/2002",59,"FAUX","Stage",4,"stop","CLERMONT","SPR","ENELCAM","UNIVERSITY 365"
"ObjectId(""61db553ec81e1457f090d828"")","Dyann","Bourcq","12/07/1994",197,"FAUX","Stage",17,"stop","CLERMONT","BDE","RUEDUCOMMERCE","ESI"
"ObjectId(""61db553ec81e1457f090d829"")","Fiona","Sheahan","12/10/1996",68,"FAUX","Contrat Pro",22,"stop","CAEN","BDE","GFI","ECOLE DE LA VIE"
"ObjectId(""61db553ec81e1457f090d82a"")","Wandie","Elflain","31/01/1994",51,"FAUX","Contrat d'apprentissage",20,"stop","LILLE","SPR","CDISCOUNT","POLYTECH"
"ObjectId(""61db553ec81e1457f090d82b"")","Eduard","Hayesman","01/05/1996",154,"FAUX","Stage",18,"stop","CLERMONT","BDE","CAPGEMINI","UNIVERSITY 365"
"ObjectId(""61db553ec81e1457f090d82c"")","Luci","Mellows","03/04/1996",45,"FAUX","Contrat d'apprentissage",8,"en cours","LILLE","BDE","SHINKA","42"
"ObjectId(""61db553ec81e1457f090d82d"")","Aarika","Yokelman","08/11/1996",251,"FAUX","Stage",6,"stop","MONTPELIER","BDE","GFI","ECOLE DE LA VIE"
"ObjectId(""61db553ec81e1457f090d82e"")","Jany","Fellgatt","25/02/1997",75,"FAUX","Contrat Pro",20,"en cours","LILLE","BDS","THALES","ESI"
"ObjectId(""61db553ec81e1457f090d82f"")","Toni","Izkovicz","31/12/2001",297,"FAUX","Contrat d'apprentissage",13,"stop","MONTPELIER","BDE","AXXA","UNIVERSITY 365"
"ObjectId(""61db553ec81e1457f090d830"")","Dene","Franz","26/10/1994",197,"FAUX","Contrat d'apprentissage",4,"stop","LYON","BDS","MICHELIN","POLYTECH"
"ObjectId(""61db553ec81e1457f090d831"")","Chelsie","Climar","04/09/1996",59,"FAUX","Contrat Pro",18,"stop","CLERMONT","BDE","GFI","EPITECH"
"ObjectId(""61db553ec81e1457f090d832"")","Salvidor","Muat","25/01/2000",79,"FAUX","Contrat Pro",13,"en cours","LYON","BDS","ADVENCE CAMEROUN","101"
"ObjectId(""61db553ec81e1457f090d833"")","Thorstein","Orto","08/06/2001",127,"FAUX","Contrat d'apprentissage",7,"termine","LYON","SPR","MICHELIN","101"
"ObjectId(""61db553ec81e1457f090d834"")","Zilvia","Verdey","29/07/1999",48,"FAUX","Stage",22,"termine","CAEN","SPR","AFRIK-SOLUTION","UNIVERSITY 365"
"ObjectId(""61db553ec81e1457f090d835"")","Ingamar","Warbrick","20/09/2002",220,"FAUX","Contrat Pro",10,"termine","PARIS","BDE","IUC","MINES"
"ObjectId(""61db553ec81e1457f090d836"")","Artie","Harborow","10/07/1994",181,"FAUX","Contrat d'apprentissage",6,"stop","LYON","BDS","OPEN","SUPINFO"
"ObjectId(""61db553ec81e1457f090d837"")","Laverna","Brooksbank","12/10/2002",53,"FAUX","Stage",5,"termine","LILLE","BDE","ADVENCE CAMEROUN","EPITECH"
"ObjectId(""61db553ec81e1457f090d838"")","Cart","Barbier","02/03/2000",256,"FAUX","Stage",9,"en cours","MONTPELIER","BDS","ENELCAM","UNIVERSITY 365"
"ObjectId(""61db553ec81e1457f090d839"")","Donalt","Cunniam","10/02/1994",153,"FAUX","Stage",2,"en cours","PARIS","BDS","CAPGEMINI","SUPINFO"
"ObjectId(""61db553ec81e1457f090d83a"")","Sissie","Shillaber","10/01/1999",104,"FAUX","Contrat d'apprentissage",2,"en cours","MONTPELIER","SPR","AXXA","INSA"
"ObjectId(""61db553ec81e1457f090d83b"")","Gav","Kilpin","17/12/2002",30,"FAUX","Stage",17,"stop","LYON","BDS","AXXA","SUPINFO"
"ObjectId(""61db553ec81e1457f090d83c"")","Cosimo","Cleal","25/11/1999",199,"FAUX","Contrat d'apprentissage",6,"en cours","CAEN","BDE","CAPGEMINI","ESI"
"ObjectId(""61db553ec81e1457f090d83d"")","Jordain","Targe","12/06/1999",90,"FAUX","Stage",1,"stop","LYON","BDE","CGI","ISIMA"
"ObjectId(""61db553ec81e1457f090d83e"")","Lesley","Osgodby","26/06/2002",62,"FAUX","Stage",16,"en cours","MONTPELIER","SPR","ORACLE","POLYTECH"
"ObjectId(""61db553ec81e1457f090d83f"")","Konstantin","Lockhart","03/05/2001",38,"FAUX","Contrat d'apprentissage",4,"en cours","CLERMONT","BDE","SOFTTEAMS","INSA"
"ObjectId(""61db553ec81e1457f090d840"")","Willem","Shill","12/01/1999",0,"FAUX","Stage",23,"termine","MONTPELIER","BDS","OPEN","UNIVERSITY 365"
"ObjectId(""61db553ec81e1457f090d841"")","Orelee","Davern","16/05/1994",120,"FAUX","Stage",10,"stop","LILLE","BDE","MRC","ECOLE DE LA VIE"
"ObjectId(""61db553ec81e1457f090d842"")","Martainn","Strelitz","17/05/1996",102,"FAUX","Contrat Pro",18,"stop","CAEN","BDS","AFRIK-SOLUTION","MINES"
"ObjectId(""61db553ec81e1457f090d843"")","Clementine","Jillitt","03/10/1993",171,"FAUX","Contrat Pro",8,"stop","CLERMONT","BDS","SAFRAM","ECOLE DE LA VIE"
"ObjectId(""61db553ec81e1457f090d844"")","Heida","Matitiaho","03/06/2000",182,"FAUX","Contrat Pro",12,"en cours","CAEN","SPR","FREE","42"
"ObjectId(""61db553ec81e1457f090d845"")","Miller","Purseglove","15/12/2001",218,"FAUX","Contrat d'apprentissage",11,"termine","PARIS","SPR","ABYSTER","ISIMA"
"ObjectId(""61db553ec81e1457f090d846"")","Max","Brogiotti","17/09/1997",67,"FAUX","Stage",5,"stop","MONTPELIER","BDE","MTN","42"
"ObjectId(""61db553ec81e1457f090d847"")","Quentin","Worts","15/08/1999",140,"FAUX","Contrat Pro",5,"en cours","LILLE","BDE","ALTRAM","INSA"
"ObjectId(""61db553ec81e1457f090d848"")","Neale","Ochterlony","14/08/1995",89,"FAUX","Stage",23,"en cours","LILLE","SPR","AKKA","UNIVERSITY 365"
"ObjectId(""61db553ec81e1457f090d849"")","Gordon","Lamburne","13/11/1995",192,"FAUX","Contrat d'apprentissage",24,"termine","CLERMONT","BDE","HUAWEI","MINES"
"ObjectId(""61db553ec81e1457f090d84a"")","Evangelia","Kermitt","13/09/1996",295,"FAUX","Contrat Pro",16,"en cours","MONTPELIER","BDS","ORACLE","SUPINFO"
"ObjectId(""61db553ec81e1457f090d84b"")","Dane","Franciotti","21/04/1997",33,"FAUX","Contrat Pro",15,"termine","PARIS","BDE","AFROLOGIX","UNIVERSITY 365"
"ObjectId(""61db553ec81e1457f090d84c"")","Corinne","Capon","05/06/1993",247,"FAUX","Contrat d'apprentissage",9,"stop","CAEN","BDE","ADVENCE CAMEROUN","101"
"ObjectId(""61db553ec81e1457f090d84d"")","Ted","Swate","20/04/2001",69,"FAUX","Contrat d'apprentissage",8,"stop","LYON","BDS","ASI","UNIVERSITY 365"
"ObjectId(""61db553ec81e1457f090d84e"")","Pierce","Messitt","01/11/1995",21,"FAUX","Contrat Pro",17,"stop","MONTPELIER","BDS","HUAWEI","INSA"
"ObjectId(""61db553ec81e1457f090d84f"")","Michail","Goldston","03/12/1998",292,"FAUX","Contrat d'apprentissage",24,"stop","CLERMONT","BDS","MRC","INSA"
"ObjectId(""61db553ec81e1457f090d850"")","Roanna","Pink","29/10/2002",297,"FAUX","Stage",11,"en cours","CAEN","BDE","THALES","POLYTECH"
"ObjectId(""61db553ec81e1457f090d851"")","Filmore","de Clerc","14/09/1993",131,"FAUX","Contrat Pro",9,"termine","LYON","BDE","THALES","ECOLE DE LA VIE"
"ObjectId(""61db553ec81e1457f090d852"")","Byran","Starbeck","29/09/1995",10,"FAUX","Stage",16,"termine","PARIS","SPR","MICHELIN","ISIMA"
"ObjectId(""61db553ec81e1457f090d853"")","Etty","Murtell","26/10/1996",93,"FAUX","Contrat Pro",8,"stop","CAEN","BDE","IBM","ESI"
"ObjectId(""61db553ec81e1457f090d854"")","Lenette","Palle","23/11/1995",264,"FAUX","Stage",12,"termine","MONTPELIER","BDS","ACCENTURE","ECOLE DE LA VIE"
"ObjectId(""61db553ec81e1457f090d855"")","Morly","Scannell","04/06/1994",140,"FAUX","Contrat Pro",13,"termine","CAEN","BDS","SOGETI","INSA"
"ObjectId(""61db553ec81e1457f090d856"")","Blanca","Pawsey","19/06/2001",196,"FAUX","Contrat d'apprentissage",8,"en cours","LILLE","SPR","ASI","ISIMA"
"ObjectId(""61db553ec81e1457f090d857"")","Laurella","Fransinelli","09/11/1994",179,"FAUX","Contrat d'apprentissage",2,"stop","PARIS","SPR","AKKA","101"
"ObjectId(""61db553ec81e1457f090d858"")","Rory","Dewberry","31/12/1995",166,"FAUX","Contrat Pro",3,"termine","CAEN","BDS","CDISCOUNT","ECOLE DE LA VIE"
"ObjectId(""61db553ec81e1457f090d859"")","Matti","Giraudeau","22/04/1994",236,"FAUX","Stage",10,"stop","MONTPELIER","BDS","MTN","MINES"
"ObjectId(""61db553ec81e1457f090d85a"")","Tirrell","Choules","03/02/1997",258,"FAUX","Contrat Pro",15,"stop","PARIS","SPR","AMAZON","INSA"
"ObjectId(""61db553ec81e1457f090d85b"")","Kelcey","Wiffen","30/07/1999",89,"FAUX","Contrat d'apprentissage",24,"termine","PARIS","BDS","FREE","ISIMA"
"ObjectId(""61db553ec81e1457f090d85c"")","Nikolos","Priddie","16/05/1998",90,"FAUX","Contrat Pro",8,"termine","CLERMONT","BDS","AXXA","POLYTECH"
"ObjectId(""61db553ec81e1457f090d85d"")","Moria","Bumby","29/11/1994",17,"FAUX","Contrat d'apprentissage",16,"termine","MONTPELIER","SPR","MICHELIN","EPITECH"
"ObjectId(""61db553ec81e1457f090d85e"")","Ardith","Beadnell","21/08/1998",128,"FAUX","Contrat Pro",19,"stop","MONTPELIER","BDS","HUAWEI","UNIVERSITY 365"
"ObjectId(""61db553ec81e1457f090d85f"")","Nikolaos","Fessler","02/04/1996",116,"FAUX","Stage",19,"termine","LYON","SPR","THALES","42"
"ObjectId(""61db553ec81e1457f090d860"")","Dian","Peepall","23/11/1997",248,"FAUX","Stage",21,"en cours","MONTPELIER","BDE","ALTRAM","SUPINFO"
"ObjectId(""61db553ec81e1457f090d861"")","Allistir","Ashness","11/08/1998",262,"FAUX","Stage",15,"en cours","LILLE","SPR","AMAZON","INSA"
"ObjectId(""61db553ec81e1457f090d862"")","Shelagh","Ferrulli","25/03/1997",128,"FAUX","Contrat Pro",16,"stop","PARIS","SPR","MRC","ESI"
"ObjectId(""61db553ec81e1457f090d863"")","Devi","Brunskill","20/04/2002",128,"FAUX","Contrat Pro",9,"stop","CAEN","BDS","ASTEK","42"
"ObjectId(""61db553ec81e1457f090d864"")","Wat","Wagen","18/04/1994",115,"FAUX","Stage",22,"stop","CLERMONT","BDE","CGI","MINES"
"ObjectId(""61db553ec81e1457f090d865"")","Sharlene","Scupham","13/01/1993",201,"FAUX","Contrat d'apprentissage",23,"stop","LYON","SPR","MRC","101"
"ObjectId(""61db553ec81e1457f090d866"")","Alva","Santhouse","31/07/1994",207,"FAUX","Stage",20,"termine","LILLE","BDS","ADVENCE CAMEROUN","ISIMA"
"ObjectId(""61db553ec81e1457f090d867"")","Myrilla","Gentil","12/04/1997",62,"FAUX","Contrat Pro",10,"stop","CLERMONT","BDS","ALTRAM","MINES"
"ObjectId(""61db553ec81e1457f090d868"")","Sofia","Dunning","18/07/2002",14,"FAUX","Contrat d'apprentissage",18,"termine","CAEN","BDS","CAMTEL","101"
"ObjectId(""61db553ec81e1457f090d869"")","Ash","Penman","03/01/1994",224,"FAUX","Stage",4,"stop","PARIS","SPR","DIGIT CONCEPT","42"
"ObjectId(""61db553ec81e1457f090d86a"")","Lou","Sobczak","27/05/1999",54,"FAUX","Contrat d'apprentissage",17,"stop","PARIS","BDE","ASI","MINES"
"ObjectId(""61db553ec81e1457f090d86b"")","Karlie","Revington","30/09/1997",299,"FAUX","Contrat Pro",4,"en cours","LILLE","BDE","AMAZON","UNIVERSITY 365"
"ObjectId(""61db553ec81e1457f090d86c"")","Emilie","Oldis","04/06/2000",19,"FAUX","Contrat d'apprentissage",5,"termine","MONTPELIER","BDS","ABYSTER","SUPINFO"
"ObjectId(""61db553ec81e1457f090d86d"")","Mommy","Kingsbury","14/05/1994",24,"FAUX","Contrat d'apprentissage",6,"stop","CLERMONT","SPR","MTN","101"
"ObjectId(""61db553ec81e1457f090d86e"")","Mable","Papachristophorou","07/01/2001",181,"FAUX","Contrat d'apprentissage",12,"stop","CLERMONT","BDE","IBM","MINES"
"ObjectId(""61db553ec81e1457f090d86f"")","Gilburt","Crake","23/01/1997",298,"FAUX","Stage",9,"stop","CLERMONT","BDE","ASI","EPITECH"
"ObjectId(""61db553ec81e1457f090d870"")","Gardener","Dayborne","29/07/1993",272,"FAUX","Stage",16,"en cours","LILLE","BDS","MTN","UNIVERSITY 365"
"ObjectId(""61db553ec81e1457f090d871"")","Abagael","Phinnis","06/06/1993",27,"FAUX","Contrat Pro",9,"stop","PARIS","BDE","ASTEK","ESI"
"ObjectId(""61db553ec81e1457f090d872"")","Estell","Stogill","19/03/1998",216,"FAUX","Contrat d'apprentissage",9,"termine","MONTPELIER","SPR","ATOS","INSA"
"ObjectId(""61db553ec81e1457f090d873"")","Morna","Okie","07/11/1993",257,"FAUX","Contrat Pro",14,"en cours","LYON","BDE","MRC","SUPINFO"
"ObjectId(""61db553ec81e1457f090d874"")","Didi","Joanaud","04/11/1994",90,"FAUX","Contrat d'apprentissage",18,"en cours","MONTPELIER","BDE","CGI","EPITECH"
"ObjectId(""61db553ec81e1457f090d875"")","Paton","Rook","13/01/1995",,"FAUX","Contrat Pro",16,"termine","PARIS","BDS","CAPGEMINI","INSA"
"ObjectId(""61db553ec81e1457f090d876"")","Cilka","Eisold*","01/09/2001",85,"FAUX","Stage",22,"stop","CAEN","BDS","CDISCOUNT","UNIVERSITY 365"
"ObjectId(""61db553ec81e1457f090d877"")","Chiquia","Middleton","26/10/2000",176,"FAUX","Stage",4,"stop","MONTPELIER","SPR","SOFTTEAMS","POLYTECH"
"ObjectId(""61db553ec81e1457f090d878"")","Rozamond","Hawler","04/11/2000",198,"FAUX","Contrat d'apprentissage",8,"termine","MONTPELIER","BDE","FREE","UNIVERSITY 365"
"ObjectId(""61db553ec81e1457f090d879"")","Dev","Lorenzetto","11/10/2002",166,"FAUX","Contrat d'apprentissage",1,"stop","MONTPELIER","BDS","AXXA","ISIMA"
"ObjectId(""61db553ec81e1457f090d87a"")","Adrian","Risley","21/11/2001",176,"FAUX","Stage",21,"termine","PARIS","BDE","ABYSTER","ESI"
"ObjectId(""61db553ec81e1457f090d87b"")","Edmon","Porter","08/12/1995",288,"FAUX","Contrat d'apprentissage",7,"en cours","CAEN","SPR","SOFTTEAMS","ESI"
"ObjectId(""61db553ec81e1457f090d87c"")","Kelsi","Grishin","15/07/1999",239,"FAUX","Contrat Pro",12,"termine","CLERMONT","BDE","GFI","INSA"
"ObjectId(""61db553ec81e1457f090d87d"")","Kathlin","Linger","30/03/2002",189,"FAUX","Contrat Pro",14,"en cours","PARIS","BDS","SOFTTEAMS","42"
"ObjectId(""61db553ec81e1457f090d87e"")","Joelly","Cowan","09/10/1994",63,"FAUX","Stage",24,"stop","CAEN","BDS","ADVENCE CAMEROUN","UNIVERSITY 365"
"ObjectId(""61db553ec81e1457f090d87f"")","Daune","Skouling","25/01/1998",68,"FAUX","Stage",16,"termine","CAEN","BDS","SHINKA","ECOLE DE LA VIE"
"ObjectId(""61db553ec81e1457f090d880"")","Rozella","MacNelly","26/04/2000",136,"FAUX","Stage",18,"termine","CAEN","SPR","ENELCAM","42"
"ObjectId(""61db553ec81e1457f090d881"")","Angelita","Po","14/09/1999",261,"FAUX","Contrat d'apprentissage",16,"stop","CLERMONT","SPR","ADVENCE CAMEROUN","ISIMA"
"ObjectId(""61db553ec81e1457f090d882"")","Erminie","Liggons","17/03/2000",126,"FAUX","Contrat Pro",2,"en cours","PARIS","SPR","AFRIK-SOLUTION","42"
"ObjectId(""61db553ec81e1457f090d883"")","Marylou","McCambrois","13/05/1993",267,"FAUX","Contrat d'apprentissage",21,"stop","CLERMONT","SPR","THALES","POLYTECH"
"ObjectId(""61db553ec81e1457f090d884"")","Alverta","Russ","26/12/1996",12,"FAUX","Contrat Pro",19,"en cours","MONTPELIER","BDS","SOGETI","101"
"ObjectId(""61db553ec81e1457f090d885"")","Valma","Maasz","21/09/1999",168,"FAUX","Stage",10,"termine","MONTPELIER","BDS","ORACLE","EPITECH"
"ObjectId(""61db553ec81e1457f090d886"")","Franciska","Risbrough*","19/07/1999",206,"FAUX","Stage",20,"en cours","CAEN","BDE","ORACLE","ISIMA"
"ObjectId(""61db553ec81e1457f090d887"")","Felicia","Cracknell","09/06/2001",201,"FAUX","Stage",18,"termine","CAEN","BDS","IBM","INSA"
"ObjectId(""61db553ec81e1457f090d888"")","Glory","Gehrts","08/05/1996",156,"FAUX","Contrat Pro",5,"termine","MONTPELIER","BDS","ABYSTER","MINES"
"ObjectId(""61db553ec81e1457f090d889"")","Cacilie","Guilleton","09/11/2002",49,"FAUX","Contrat Pro",16,"en cours","PARIS","BDS","OPEN","101"
"ObjectId(""61db553ec81e1457f090d88a"")","Franz","Annott","03/10/2000",273,"FAUX","Contrat d'apprentissage",5,"en cours","LILLE","BDS","RUEDUCOMMERCE","ECOLE DE LA VIE"
"ObjectId(""61db553ec81e1457f090d88b"")","Philip","Hammerich","05/02/1998",64,"FAUX","Contrat d'apprentissage",16,"termine","MONTPELIER","BDS","CAPGEMINI","MINES"
"ObjectId(""61db553ec81e1457f090d88c"")","Kristy","Meo","28/03/1995",39,"FAUX","Stage",6,"en cours","LYON","SPR","CGI","42"
"ObjectId(""61db553ec81e1457f090d88d"")","Simonette","Ivkovic","25/06/1996",226,"FAUX","Contrat d'apprentissage",2,"stop","CLERMONT","BDE","ASTEK","ECOLE DE LA VIE"
"ObjectId(""61db553ec81e1457f090d88e"")","Red","Wong","18/04/1997",148,"FAUX","Stage",15,"stop","CLERMONT","BDS","MICHELIN","ESI"
"ObjectId(""61db553ec81e1457f090d88f"")","Dennie","Hindenberger","06/07/2001",38,"FAUX","Stage",5,"en cours","CLERMONT","BDS","MICHELIN","ISIMA"
"ObjectId(""61db553ec81e1457f090d890"")","Korney","Byway","23/12/1995",206,"FAUX","Contrat Pro",4,"en cours","CAEN","BDE","AFROLOGIX","101"
"ObjectId(""61db553ec81e1457f090d891"")","Gustie","Sidebotton","21/08/1994",62,"FAUX","Contrat Pro",4,"stop","PARIS","BDS","CISCO","101"
"ObjectId(""61db553ec81e1457f090d892"")","Dorey","Overton","27/09/1999",28,"FAUX","Contrat Pro",4,"termine","LYON","BDS","CGI","SUPINFO"
"ObjectId(""61db553ec81e1457f090d893"")","Sherline","Jodrellec","12/08/1995",50,"FAUX","Stage",6,"en cours","MONTPELIER","BDS","AMAZON","ESI"
"ObjectId(""61db553ec81e1457f090d894"")","Zita","Kentwell","06/05/1994",200,"FAUX","Contrat Pro",11,"termine","LILLE","SPR","ATOS","101"
"ObjectId(""61db553ec81e1457f090d895"")","Moore","Chadwell","12/11/2002",129,"FAUX","Stage",22,"en cours","MONTPELIER","BDE","ADVENCE CAMEROUN","EPITECH"
"ObjectId(""61db553ec81e1457f090d896"")","Dina","Dayer","27/06/2002",90,"FAUX","Contrat Pro",16,"stop","CLERMONT","BDE","ALTRAM","ESI"
"ObjectId(""61db553ec81e1457f090d897"")","Karlen","Kitcat","18/08/1998",167,"FAUX","Stage",3,"stop","LILLE","BDE","ASTEK","UNIVERSITY 365"
"ObjectId(""61db553ec81e1457f090d898"")","Odelia","Chelnam","26/05/1993",207,"FAUX","Stage",3,"en cours","LYON","BDS","ORACLE","POLYTECH"
"ObjectId(""61db553ec81e1457f090d899"")","Fredrika","Crowder","14/11/1994",170,"FAUX","Contrat d'apprentissage",15,"en cours","CAEN","BDS","THALES","POLYTECH"
"ObjectId(""61db553ec81e1457f090d89a"")","Carilyn","Fussie","26/02/1998",145,"FAUX","Contrat Pro",17,"stop","LILLE","SPR","CISCO","101"
"ObjectId(""61db553ec81e1457f090d89b"")","Brigg","McGowran","08/08/1993",280,"FAUX","Contrat d'apprentissage",3,"termine","PARIS","BDS","CISCO","42"
"ObjectId(""61db553ec81e1457f090d89c"")","Evered","Gebbe","09/12/2001",33,"FAUX","Contrat d'apprentissage",17,"stop","CLERMONT","SPR","CONNEXTIC","MINES"
"ObjectId(""61db553ec81e1457f090d89d"")","Chickie","Kohler","07/01/1999",129,"FAUX","Contrat Pro",4,"termine","CLERMONT","SPR","CGI","42"
"ObjectId(""61db553ec81e1457f090d89e"")","Ronna","Radbourn","22/03/1999",153,"FAUX","Contrat Pro",1,"termine","MONTPELIER","BDE","ORACLE","SUPINFO"
"ObjectId(""61db553ec81e1457f090d89f"")","Darlleen","Mohamed","21/07/1997",72,"FAUX","Contrat Pro",3,"en cours","PARIS","BDS","MTN","101"
"ObjectId(""61db553ec81e1457f090d8a0"")","Clarey","Chaffin","28/10/1993",121,"FAUX","Stage",10,"stop","PARIS","BDE","ASTEK","ESI"
"ObjectId(""61db553ec81e1457f090d8a1"")","Nilson","Mincini","10/02/1995",208,"FAUX","Contrat Pro",23,"en cours","LILLE","SPR","ACCENTURE","MINES"
"ObjectId(""61db553ec81e1457f090d8a2"")","Milissent","Stanbridge","05/11/1998",142,"FAUX","Contrat d'apprentissage",22,"stop","MONTPELIER","SPR","CONNEXTIC","POLYTECH"
"ObjectId(""61db553ec81e1457f090d8a3"")","Connie","Lumly","16/08/1999",93,"FAUX","Stage",15,"termine","PARIS","BDE","CAMTEL","EPITECH"
"ObjectId(""61db553ec81e1457f090d8a4"")","Hansiain","Yallowley","17/08/2002",21,"FAUX","Stage",21,"en cours","LYON","SPR","ALL4TEST","INSA"
"ObjectId(""61db553ec81e1457f090d8a5"")","Wit","Dukesbury","28/12/1996",242,"FAUX","Stage",17,"stop","MONTPELIER","BDE","OPEN","SUPINFO"
"ObjectId(""61db553ec81e1457f090d8a6"")","Alanah","Sexcey","28/03/1995",66,"FAUX","Stage",5,"termine","PARIS","BDE","THALES","INSA"
"ObjectId(""61db553ec81e1457f090d8a7"")","Kylynn","Anthill","30/05/1998",225,"FAUX","Stage",21,"en cours","LILLE","SPR","OPEN","42"
"ObjectId(""61db553ec81e1457f090d8a8"")","Calvin","Adamo","17/07/1998",16,"FAUX","Contrat Pro",23,"stop","CAEN","BDE","SHINKA","ISIMA"
"ObjectId(""61db553ec81e1457f090d8a9"")","Felicity","Newiss","20/11/1996",39,"FAUX","Stage",6,"stop","LYON","BDE","ADVENCE CAMEROUN","ESI"
"ObjectId(""61db553ec81e1457f090d8aa"")","Harmonie","Celand","07/02/1999",179,"FAUX","Contrat Pro",13,"termine","MONTPELIER","BDE","IUC","SUPINFO"
"ObjectId(""61db553ec81e1457f090d8ab"")","Cleo","Beyne","20/05/2002",87,"FAUX","Stage",22,"termine","CAEN","SPR","CDISCOUNT","EPITECH"
"ObjectId(""61db553ec81e1457f090d8ac"")","Gustave","Gotcliffe","20/10/2000",123,"FAUX","Contrat Pro",6,"termine","CLERMONT","BDS","MICHELIN","42"
"ObjectId(""61db553ec81e1457f090d8ad"")","Germaine","Camlin","26/04/1998",289,"FAUX","Contrat Pro",13,"stop","PARIS","SPR","MRC","UNIVERSITY 365"
"ObjectId(""61db553ec81e1457f090d8ae"")","Chic","Eastgate","28/12/1998",181,"FAUX","Contrat d'apprentissage",14,"termine","LYON","BDS","ASI","UNIVERSITY 365"
"ObjectId(""61db553ec81e1457f090d8af"")","Violette","McElvogue","24/01/1998",198,"FAUX","Stage",1,"en cours","LYON","SPR","ABYSTER","101"
"ObjectId(""61db553ec81e1457f090d8b0"")","Gaspard","Rainville","26/06/2001",160,"FAUX","Contrat Pro",12,"termine","LYON","BDE","THALES","101"
"ObjectId(""61db553ec81e1457f090d8b1"")","Willey","Pilmoor","07/07/1997",22,"FAUX","Stage",3,"termine","MONTPELIER","BDS","ALL4TEST","42"
"ObjectId(""61db553ec81e1457f090d8b2"")","Dalia","Jindacek","11/09/2001",255,"FAUX","Contrat d'apprentissage",3,"stop","PARIS","BDS","AFROLOGIX","MINES"
"ObjectId(""61db553ec81e1457f090d8b3"")","Garth","Saurat","05/12/1999",121,"FAUX","Contrat d'apprentissage",15,"en cours","PARIS","BDS","CONNEXTIC","ISIMA"
"ObjectId(""61db553ec81e1457f090d8b4"")","Tomasine","Petchell","17/06/2001",261,"FAUX","Contrat d'apprentissage",2,"stop","LYON","SPR","MTN","101"
"ObjectId(""61db553ec81e1457f090d8b5"")","Karlan","McLaine","21/09/2001",95,"FAUX","Contrat Pro",22,"stop","LILLE","BDS","ACCENTURE","ESI"
"ObjectId(""61db553ec81e1457f090d8b6"")","Garreth","Viollet","07/05/1996",187,"FAUX","Contrat Pro",7,"en cours","CAEN","SPR","HUAWEI","ISIMA"
"ObjectId(""61db553ec81e1457f090d8b7"")","Lee","Worgen","03/06/1993",37,"FAUX","Stage",5,"stop","MONTPELIER","BDS","HUAWEI","INSA"
"ObjectId(""61db553ec81e1457f090d8b8"")","Jilleen","Fehners","30/03/2001",87,"FAUX","Contrat d'apprentissage",14,"termine","LILLE","SPR","CDISCOUNT","42"
"ObjectId(""61db553ec81e1457f090d8b9"")","Nissa","Ayerst","01/12/2000",183,"FAUX","Stage",5,"en cours","PARIS","SPR","CGI","POLYTECH"